ID,Name,Industry,Inception,Employees,State,City,Revenue,Expenses,Profit,Growth
1,Over-Hex,Software,2006,25,TN,Franklin,9684527,"1,130,700 Dollars",8553827,0.19
2,Unimattax,IT Services,2009,36,PA,Newtown Square,14016543,"804,035 Dollars",13212508,0.2
3,Greenfax,Retail,2012,28,SC,Greenville,9746272,"1,044,375 Dollars",8701897,0.16
4,Blacklane,IT Services,2011,66,CA,Orange,15359369,"4,631,808 Dollars",10727561,0.19
5,Yearflex,Software,2013,45,WI,Madison,8567910,"4,374,841 Dollars",4193069,0.19
6,Indigoplanet,IT Services,2013,60,NJ,Manalapan,12805452,"4,626,275 Dollars",8179177,0.22
7,Treslam,Financial Services,2009,116,MO,Clayton,5387469,"2,127,984 Dollars",3259485,0.17
9,Lamtone,IT Services,2009,55,CA,San Ramon,11757018,"6,482,465 Dollars",5274553,0.3
10,Stripfind,Financial Services,2010,25,FL,Boca Raton,12329371,"916,455 Dollars",11412916,0.2
11,Canecorporation,Health,2012,6,NY,New York,10597009,"7,591,189 Dollars",3005820,0.07
12,Mattouch,IT Services,2013,6,WA,Bellevue,14026934,"7,429,377 Dollars",6597557,0.26
13,Techdrill,Health,2009,9,MS,Flowood,10573990,"7,435,363 Dollars",3138627,0.08
14,Techline,IT Services,2006,65,CA,San Ramon,13898119,"5,470,303 Dollars",8427816,0.23
15,Cityace,Health,2010,25,CO,Louisville,9254614,"6,249,498 Dollars",3005116,0.06
16,Kayelectronics,Health,2009,687,NC,Clayton,9451943,"3,878,113 Dollars",5573830,0.04
17,Ganzlax,IT Services,2011,75,NJ,Iselin,14001180,2100000,11901180,0.18
18,Trantraxlax,Government Services,2011,35,VA,Suffolk,11088336,"5,635,276 Dollars",5453060,0.07
19,E-Zim,Retail,2008,320,OH,Monroe,10746451,"4,762,319 Dollars",5984132,0.13
20,Daltfase,Software,2011,78,NC,Durham,10410628,"6,196,409 Dollars",4214219,0.17
21,Hotlane,Government Services,2012,87,AL,Huntsville,7978332,"5,686,574 Dollars",2291758,0.02
23,Lambam,IT Services,2012,210,SC,Columbia,11950148,"4,365,512 Dollars",7584636,0.2
24,Quozap,Software,2004,21,NJ,Collingswood,8304480,"7,019,973 Dollars",1284507,0.2
25,Tampware,Construction,2011,13,TX,Houston,9785982,"2,910,756 Dollars",6875226,0.11
26,Dalthow,Health,2000,20,GA,Dacula,10800718,"7,731,820 Dollars",3068898,0.07
27,Ranktech,Government Services,2010,607,FL,Tampa,10515557,"7,439,384 Dollars",3076173,0.08
28,Unadex,Software,2013,280,NC,Cary,5231275,"2,388,521 Dollars",2842754,0.19
29,Groovecane,Construction,2011,38,UT,South Jordan,6811168,"3,560,343 Dollars",3250825,0.15
30,Tambase,Software,2010,29,AZ,Scottsdale,9141817,"2,394,135 Dollars",6747682,0.21
31,Georedfase,IT Services,2008,19,VA,Vienna,13165222,"810,126 Dollars",12355096,0.16
32,Konktraxbam,Software,2011,3,WI,Franklin,11504780,"4,682,545 Dollars",6822235,0.19
33,Stanquote,IT Services,2011,133,IL,Des Plaines,15421180,"374,816 Dollars",15046364,0.26
34,Lexiholding,Health,2011,10,CA,Newport Beach,6595798,"4,917,351 Dollars",1678447,0.07
35,Mediahex,IT Services,2005,29,TX,Houston,14772570,"3,685,640 Dollars",11086930,0.19
36,Triojob,Financial Services,2011,33,TX,Dallas,9403633,223602,9180031,0.18
37,D-Zoocare,Financial Services,2010,98,WA,Seattle,9153440,"2,445,885 Dollars",6707555,0.13
38,Zun-Trax,Retail,2013,23,SC,Columbia,9732190,"4,437,655 Dollars",5294535,0.12
39,Biotain,Construction,2012,62,IA,Davenport,11642543,"4,781,280 Dollars",6861263,0.13
40,Newjofix,Financial Services,2010,90,CA,West Hollywood,12339863,"1,415,312 Dollars",10924551,0.19
41,Ozer-Dox,Health,2013,35,GA,Duluth,9621471,"6,759,243 Dollars",2862228,0.09
42,Iscom,Health,2013,595,CT,West Hartford,8027658,"7,221,158 Dollars",806500,0.08
43,Istone,Software,2011,50,VA,Reston,4424720,"461,975 Dollars",3962745,0.2
44,Ganzgreen,Construction,2010,224,TN,Franklin,9055059,4481778,4573281,0.09
45,Zamhouse,Construction,2009,39,ME,Lisbon Falls,7543695,"6,561,021 Dollars",982674,0.12
46,Openjocon,Construction,2013,75,IL,Midlothian,11374343,"4,273,207 Dollars",7101136,0.13
47,Trisity,Health,2012,26,CA,San Diego,6918290,"6,344,372 Dollars",573918,0
48,Planetice,Health,2012,42,MD,Silver Spring,10757724,"6,782,077 Dollars",3975647,0.04
49,Villadox,Construction,2012,20,CA,Carlsbad,8651649,"1,097,353 Dollars",7554296,0.11
50,Alphacane,Retail,2013,3,MO,O'Fallon,7903763,"5,873,666 Dollars",2030097,0.14
51,Rankcone,Government Services,2011,36,VA,Virginia Beach,6036944,"4,837,188 Dollars",1199756,0.06
52,Iceice,Government Services,2010,21,WV,Star City,6352466,"1,455,581 Dollars",4896885,0.06
53,Fixquadtech,Health,2012,85,PA,Philadelphia,8299901,"6,968,474 Dollars",1331427,0.08
54,Zonhigh,IT Services,2010,96,IL,Chicago,12723684,"4,498,099 Dollars",8225585,0.21
55,Toughway,Financial Services,2010,219,FL,St. Petersburg,13442136,"3,291,056 Dollars",10151080,0.19
56,Bluetexon,IT Services,2010,117,TX,Plano,12685910,"8,350,913 Dollars",4334997,0.18
57,Nimvivafind,Financial Services,2009,34,NJ,Newark,11605855,"2,632,247 Dollars",8973608,0.19
58,Eremenko,Financial Services,2012,60,FL,Maitland,11445633,"3,162,905 Dollars",8282728,0.15
59,Hot-Electrics,IT Services,2006,46,GA,Augusta,17214068,"1,412,142 Dollars",15801926,0.16
60,Namdom,Software,2013,105,IL,Chicago,8362411,"2,544,307 Dollars",5818104,0.19
61,Tempbam,Software,2013,134,WA,Seattle,8980591,"6,089,130 Dollars",2891461,0.25
62,Goodhouse,IT Services,2009,63,VA,Herndon,14833220,"5,667,425 Dollars",9165795,0.24
63,Sumzoomit,Construction,2010,32,MO,Lee's Summit,18429577,"7,703,652 Dollars",10725925,0.19
64,Goodtex,Government Services,2011,150,VA,Tysons Corner,13118996,"9,860,686 Dollars",3258310,-0.03
65,Ranquote,Health,2013,400,GA,Alpharetta,7147363,"4,206,340 Dollars",2941023,0.06
66,Zathtone,Software,2009,121,NY,New York,8953759,"4,069,681 Dollars",4884078,0.21
67,Vivacode,Construction,2009,28,LA,Lake Charles,9410642,"4,117,102 Dollars",5293540,0.05
68,Dongcom,Retail,2002,8,NY,Cheektowaga,14477085,"2,772,159 Dollars",11704926,0.1
69,Hexhouse,Software,2006,668,MA,Cambridge,10221740,"1,885,810 Dollars",8335930,0.14
70,Jobzencane,Software,2011,40,PA,WAYNE,7482411,"2,379,903 Dollars",5102508,0.21
71,Sailtech,Software,2012,850,CA,Santa Clara,4543509,"4,474,647 Dollars",68862,0.21
72,Vilacan,Retail,1999,28,UT,Orem,12916975,"5,973,654 Dollars",6943321,0.12
73,Stattechno,Health,2014,80,WA,Seattle,6619705,"4,082,936 Dollars",2536769,0.1
74,Conin,Construction,2009,23,CA,Rancho Dominguez,9903489,"6,042,545 Dollars",3860944,0.08
75,Rezumfind,IT Services,2000,50,VA,Herndon,14024010,"3,101,952",10922058,0.23
76,Xx--Fase,IT Services,2012,430,TN,Nashville,14048981,"3,944,877 Dollars",10104104,0.25
77,Stiming,IT Services,2014,24,NY,Williamsville,9779076,"594,698 Dollars",9184378,0.22
78,E-Can,Financial Services,2013,1628,NJ,Mount Laurel,8218086,"2,958,881 Dollars",5259205,0.16
79,Tonjob,Financial Services,2010,87,CA,Santa Barbara,8475261,"2,364,775 Dollars",6110486,0.16
80,Flextone,Financial Services,2010,250,FL,Boca Raton,10335149,"2,494,384 Dollars",7840765,0.19
81,Lineity,Government Services,2006,113,MA,Billerica,8621837,"2,359,224 Dollars",6262613,0.04
82,Voyadexon,Health,2010,545,TX,Dallas,8913061,"8,763,554 Dollars",149507,0.08
83,Xn-Media,Health,2012,104,NJ,Lyndhurst,7863279,"5,975,968 Dollars",1887311,0.05
84,Drilldrill,Software,2010,30,CA,San Francisco,7800620,"2,785,799 Dollars",5014821,0.17
85,Tristone,Construction,2013,43,MD,Millersville,11755980,"3,476,281 Dollars",8279699,0.08
86,Treeelectrics,Government Services,2013,485,VA,Clarksville,12208678,"5,536,775 Dollars",6671903,-0.02
87,Tontam,Construction,2007,26,VA,Ashburn,7635932,"7,119,416 Dollars",516516,0.08
88,Ganjatam,IT Services,2009,70,NJ,Iselin,16195183,"5,170,147 Dollars",11025036,0.18
89,Sumice,Retail,2013,318,UT,Sandy,8697300,"5,654,472 Dollars",3042828,0.19
90,Vivadom,Software,2010,72,CA,Santa Barbara,5190812,"3,656,514 Dollars",1534298,0.17
91,Hatvollex,IT Services,2002,75,TX,FRISCO,12410581,"5,898,202 Dollars",6512379,0.21
92,Rankfind,Government Services,2013,101,VA,Fairfax,11210769,"2,837,223 Dollars",8373546,0.07
93,Fixcan,Retail,2009,3,GA,Atlanta,14184061,"4,600,156 Dollars",9583905,0.15
94,Technodexon,Software,2006,327,UT,Provo,11554383,"3,538,667 Dollars",8015716,0.17
95,Tamtex,Government Services,2009,98,VA,Fredericksburg,11205036,"3,840,144 Dollars",7364892,0.1
96,Itquadlab,Government Services,2012,120,VA,Arlington,8198522,"7,950,351 Dollars",248171,0.02
97,Kaysolodex,IT Services,2012,2670,MI,Madison Heights,13310294,"5,879,731 Dollars",7430563,0.23
98,Kinlax,Financial Services,2002,100,AZ,Tucson,11380872,6212849,5168023,0.18
99,Inchkix,Health,2011,29,MA,Northampton,8724297,"7,427,040 Dollars",1297257,0.07
100,Labam,Construction,2010,150,FL,Winter Garden,8124116,"5,173,904 Dollars",2950212,0.12
101,Black-Tax,Construction,2012,22,MD,Columbia,5166324,"3,772,942 Dollars",1393382,0.06
102,Med-City,Retail,2009,16,IL,Cicero,12488577,"5,637,042 Dollars",6851535,0.13
103,Sunviaway,Health,2014,486,NC,Morrisville,1614585,"1,323,005 Dollars",291580,0.06
104,Vaiatrax,Financial Services,2010,24,PA,Philadelphia,12650059,"444,962 Dollars",12205097,0.21
105,Ganzhex,Retail,2011,18,NY,Hopewell Junction,7307243,"2,439,137 Dollars",4868106,0.11
106,Dongstreet,Health,2006,236,IN,Princeton,7042297,"6,903,334 Dollars",138963,0.04
107,Basetrax,Construction,2011,28,NY,Buffalo,9391015,"1,040,662 Dollars",8350353,0.1
108,Linetouch,Financial Services,2012,937,PA,Plymouth Meeting,12514846,"777,731 Dollars",11737115,0.13
109,Zenware,Health,2012,37,CO,Centennial,9590886,"3,692,982 Dollars",5897904,0.04
110,Tamqvocone,Health,2013,979,TX,PEARLAND,9045108,"7,727,397 Dollars",1317711,0.05
111,Vivaity,Construction,2009,23,WA,Lakewood,7529148,"3,147,929 Dollars",4381219,0.15
112,O-Touch,Health,2005,393,TX,Frisco,9521727,"5,669,858 Dollars",3851869,0.04
113,Flexlane,IT Services,2004,120,MI,Novi,12733374,"4,666,917 Dollars",8066457,0.23
114,Zotcare,IT Services,2005,75,GA,Atlanta,15249518,"1,261,501 Dollars",13988017,0.21
115,Roundla,IT Services,2012,1500,MD,Bethesda,20252673,"628,139 Dollars",19624534,0.2
116,Requote,Government Services,2014,61,MD,Bethesda,5994715,"5,947,864 Dollars",46851,0.1
117,Freshholdings,Government Services,2010,65,FL,Orlando,10492864,"1,392,917 Dollars",9099947,0.09
118,Icezunzim,Software,2012,14,VA,Richmond,5150397,"4,274,358 Dollars",876039,0.2
119,Hottam,Software,2011,25,IN,Indianapolis,9422075,"1,875,020 Dollars",7547055,0.2
120,Lattechi,Retail,2012,30,IL,Hickory Hills,12285548,"1,453,319 Dollars",10832229,0.11
121,It-Ity,Health,2010,31,CA,Fresno,8407359,"3,802,970 Dollars",4604389,0.08
122,Islotfind,IT Services,2013,30,DC,Washington,11498255,"1,639,880 Dollars",9858375,0.24
123,Yearla,Software,2004,31,RI,Providence,9838442,"5,327,158 Dollars",4511284,0.13
124,Dancane,Software,2010,42,CT,New Haven,7556024,"3,513,209 Dollars",4042815,0.2
125,Citytrax,Financial Services,2010,21,UT,Sandy,10891038,"989,656 Dollars",9901382,0.16
126,Sail-Lam,Government Services,2013,120,MD,Rockville,8540290,"6,523,001 Dollars",2017289,0.05
127,Zotjoit,IT Services,2012,50,MN,Bloomington,13878988,"5,541,102 Dollars",8337886,0.22
128,Lanelex,Retail,2011,11,KS,Wichita,11106110,"3,351,685 Dollars",7754425,0.1
129,Hayfan,Health,2012,97,CA,San Diego,9678127,"6,001,114 Dollars",3677013,0.04
130,Lacorporation,Software,2011,73,CA,San Diego,5152561,"4,897,146 Dollars",255415,0.19
131,Ganjafan,Government Services,2010,215,NE,Omaha,8732985,"6,294,265 Dollars",2438720,0.04
132,Nimlux,Financial Services,2013,285,NY,New York,7753213,"1,117,206 Dollars",6636007,0.18
133,Gogofan,Construction,2011,75,FL,Winter Garden,7826433,"5,608,635 Dollars",2217798,0.09
134,Sub-Fan,Software,2014,24,MA,Boston,6178217,"4,916,737 Dollars",1261480,0.17
135,Mediagreen,Health,2013,80,TX,Dallas,7480998,"2,758,416 Dollars",4722582,0.08
136,Xx-Com,Retail,2013,308,TX,Lubbock,15533083,"2,163,836 Dollars",13369247,0.12
137,Toughcare,Retail,2009,45,CA,Burbank,12429629,"5,796,075 Dollars",6633554,0.14
138,Mathstrip,Government Services,2011,48,VA,Reston,10236594,"5,788,684 Dollars",4447910,0.05
139,Vilait,Software,2011,240,DE,Wilmington,4691853,"3,250,700 Dollars",1441153,0.14
140,Konkin,Health,2000,32,TX,Austin,8397677,"2,753,444 Dollars",5644233,0.04
141,Unoline,IT Services,2011,53,MN,Minneapolis,16086524,"5,624,600 Dollars",10461924,0.16
142,Truesaokix,Health,2010,160,CA,San Clemente,12507074,"5,705,847 Dollars",6801227,0.07
143,Lamlax,IT Services,2010,30,PA,Horsham,15016295,"3,263,194 Dollars",11753101,0.17
144,Saotaxon,Software,2000,76,IL,Chicago,7440576,"5,383,015 Dollars",2057561,0.19
145,Sanzatrax,Construction,2012,49,CA,San Diego,6219995,"4,489,463 Dollars",1730532,0.16
146,Geoelectronics,Software,2010,75,CA,San Diego,9684183,"7,693,563 Dollars",1990620,0.18
147,Konktouch,Software,2012,489,KS,Overland Park,4720259,"4,434,901 Dollars",285358,0.17
148,Trans-Dexon,Financial Services,2003,77,MA,Boston,11447285,"1,498,325 Dollars",9948960,0.16
149,Zimholding,IT Services,2002,7,OR,Portland,13905706,"405,045 Dollars",13500661,0.21
150,Scot-Lex,IT Services,2013,53,MA,Chelmsford,12975996,"4,097,491 Dollars",8878505,0.24
151,Lexitrans,Health,2012,335,WA,Seattle,9152251,"8,653,818 Dollars",498433,0.06
152,Phystouch,IT Services,2011,12,NC,Waxhaw,14530025,"847,470 Dollars",13682555,0.2
153,K-Job,IT Services,2013,150,VA,Reston,12008969,"3,517,340 Dollars",8491629,0.18
154,Vilamedia,Software,2011,126,VA,Blacksburg,7605926,"3,454,719 Dollars",4151207,0.24
155,Bignamjob,Health,2013,131,IL,Elk Grove Village,8326486,"7,705,075 Dollars",621411,0.07
156,Kayplus,Government Services,2010,154,FL,Clearwater,10855879,"5,611,400 Dollars",5244479,0.02
157,Hottom,Software,2011,40,MD,Baltimore,9381784,"2,093,538 Dollars",7288246,0.19
158,Voltech,Software,2009,23,NJ,Hamilton,10211911,"5,213,751 Dollars",4998160,0.13
159,Lamdombase,Construction,2012,7,TX,Houston,11428457,"5,595,183 Dollars",5833274,0.12
160,Zathtechi,Software,2003,87,CA,San Jose,6187775,"2,286,092 Dollars",3901683,0.23
161,Sunsaolax,Health,2013,15,WA,Redmond,7151103,"5,835,473 Dollars",1315630,0.07
162,Zamfax,Government Services,2012,130,FL,Fort Walton Beach,9886455,"1,320,669 Dollars",8565786,0.03
163,Zer-Plus,Software,2008,27,MA,Franklin,5848690,"5,240,164 Dollars",608526,0.26
164,Hexzoomity,Health,2013,11,TX,Austin,10319636,"5,863,890 Dollars",4455746,0.12
165,Vilahouse,Software,2011,12,CA,San Diego,7662253,"7,543,897 Dollars",118356,0.23
166,Lamcare,Construction,1999,108,NY,Staten Island,7547716,"5,232,913 Dollars",2314803,0.14
167,Keytouch,Construction,2013,35,CA,Vista,8597264,"5,649,633 Dollars",2947631,0.09
168,Kincon,Software,2009,130,MI,Ann Arbor,12239282,"2,973,757 Dollars",9265525,0.17
169,Tancode,IT Services,2014,7,NY,Farmingdale,15506061,"5,204,074 Dollars",10301987,0.26
170,Dripcane,IT Services,2010,56,VA,Reston,17431007,"2,153,035 Dollars",15277972,0.2
171,Zimtechno,Software,2006,326,MN,Minneapolis,13268611,"6,773,400 Dollars",6495211,0.24
172,Fax-Street,Software,2011,54,CA,Aliso Viejo,4436616,"4,175,332 Dollars",261284,0.15
173,Scotstrip,Software,2013,77,IL,Chicago,9120892,"125,635 Dollars",8995257,0.2
174,Bigfan,Software,2005,96,WI,La Crosse,9386159,"3,093,397 Dollars",6292762,0.21
175,Kayis,IT Services,2002,26,CA,Newport Beach,14264750,"1,232,980 Dollars",13031770,0.23
176,Drilllane,IT Services,2011,185,VA,Ashburn,15240158,"1,367,678 Dollars",13872480,0.16
177,Randrill,Health,2010,84,GA,Smyrna,8239229,"7,802,235 Dollars",436994,0.06
178,Techhigh,IT Services,2011,28,OH,West Chester,14681671,"5,999,660 Dollars",8682011,0.23
179,Saltstreet,IT Services,2012,80,CA,Newark,14219294,"6,235,328 Dollars",7983966,0.22
180,Greenfan,Government Services,2013,35,TX,San Antonio,10228294,"6,751,232 Dollars",3477062,0.09
181,Joblab,Government Services,2012,250,VA,Herndon,10216792,"3,436,060 Dollars",6780732,0.1
182,Zenzootrax,Financial Services,2010,289,IL,Chicago,9837545,"2,466,042 Dollars",7371503,0.17
183,Ittech,IT Services,2013,45,MN,Minneapolis,11133739,"6,544,488 Dollars",4589251,0.2
184,Volzoom,Retail,2006,27,ME,Kittery,12218547,"5,081,916 Dollars",7136631,0.1
185,Saofintone,Financial Services,2009,78,CA,San Diego,11559177,"841,579 Dollars",10717598,0.17
186,Indigoit,Retail,2011,15,MI,Jackson,13942061,"5,349,385 Dollars",8592676,0.14
187,K-Tone,Software,2013,26,SC,North Charleston,8593898,"4,884,584 Dollars",3709314,0.18
188,Triotexon,Software,2011,96,FL,Tampa,9339798,"1,298,258 Dollars",8041540,0.18
189,Rehoting,IT Services,2014,30,NC,Chapel Hill,13090625,"5,455,657 Dollars",7634968,0.2
190,Kanlux,Software,2000,77,VA,Chesapeake,9868249,"4,854,787 Dollars",5013462,0.21
191,Silit,Construction,2007,26,VA,Chesapeake,10692411,"7,777,972 Dollars",2914439,0.08
192,Fixlatcare,IT Services,2014,40,TX,Dallas,14349818,"634,360 Dollars",13715458,0.23
193,Zummalux,Government Services,2011,13,MD,Woodbine,10729022,"4,113,479 Dollars",6615543,0.05
194,Medbase,Software,2013,17,GA,Roswell,8695169,"4,473,383 Dollars",4221786,0.2
195,Xx-Bam,Software,2009,140,FL,Orlando,14229411,"2,327,339 Dollars",11902072,0.2
196,Jayphase,Software,2014,62,CA,San Diego,5892054,"4,938,867 Dollars",953187,0.16
197,J-Unafase,Software,2014,24,TX,Montgomery,1835717,"71,219 Dollars",1764498,0.19
198,Singlefind,Construction,2014,25,OK,Oklahoma City,11725679,"4,944,684 Dollars",6780995,0.05
199,Icephase,IT Services,2010,29,VA,Glen Allen,13098201,"6,105,205 Dollars",6992996,0.2
200,Lalane,Retail,2003,45,MN,Golden Valley,12461526,"4,934,351 Dollars",7527175,0.14
201,Linetax,IT Services,2013,171,IL,Westchester,15091431,"2,907,698 Dollars",12183733,0.28
202,Hotlax,IT Services,2010,185,NJ,Warren,11473628,"2,599,091 Dollars",8874537,0.24
203,E-Tex,IT Services,2003,85,OH,Columbus,16295163,"3,974,721 Dollars",12320442,0.21
204,Hexdom,IT Services,2012,10,CA,Encino,10724413,"4,126,154 Dollars",6598259,0.21
205,Acclaimedcirl,Health,2014,85,CA,Pasadena,4484095,"4,177,191",306904,0.11
206,Frayedintrigue,IT Services,2014,211,TX,Addison,12846678,"1,435,103 Dollars",11411575,0.19
207,Nakedshrapnel,IT Services,2014,15,FL,Orlando,16916828,"3,879,436 Dollars",13037392,0.2
208,Countslovenly,Construction,2010,45,FL,Spring Hill,8380367,"8,213,905 Dollars",166462,0.1
209,Judgemicrosoft,IT Services,2012,70,TX,Houston,16093094,"3,724,605 Dollars",12368489,0.18
210,Reinforceputtock,Health,2002,88,NJ,Moorestown,5890468,"4,263,512 Dollars",1626956,0.06
211,Pursuitsskewer,IT Services,2001,16,VA,Ashburn,13731776,"887,658 Dollars",12844118,0.23
212,Geigerbeneficial,Financial Services,2013,33,TX,Dallas,12470309,"1,499,830 Dollars",10970479,0.17
213,Relishtreasure,Government Services,2010,25,VA,Sterling,9959049,"1,432,738 Dollars",8526311,0.04
214,Forearmblade,IT Services,2010,24,MD,Annapolis,15768818,"3,279,306 Dollars",12489512,0.29
215,Nervousdispatcher,Financial Services,2011,80,NY,New York,6955439,"409,237 Dollars",6546202,0.16
216,Deliciousgeometry,IT Services,2010,30,CA,Walnut,16864251,"2,661,258 Dollars",14202993,0.18
217,Dowdyweanling,Health,2014,32,TX,Plano,10893126,"4,374,602 Dollars",6518524,0.08
218,Abstractedchocolat,IT Services,2009,2,VA,Stafford,12079562,"4,960,266 Dollars",7119296,0.24
219,Wiggakintail,IT Services,2010,55,NY,Scarsdale,13713642,"3,796,676 Dollars",9916966,0.18
220,Machinewarn,IT Services,2009,128,NC,Greensboro,16548371,"6,091,555 Dollars",10456816,0.21
221,Coatforked,Government Services,2012,59,CA,Coronado,10626672,"1,243,956 Dollars",9382716,0.06
222,Loveboyle,IT Services,2012,19,MA,Framingham,14552889,"3,814,137 Dollars",10738752,0.19
223,Admonishbadelynge,Government Services,2010,73,AL,Huntsville,9528495,"4,117,953 Dollars",5410542,0.03
224,Siftercockamamie,Retail,2014,19,AZ,Scottsdale,14691389,"2,498,398 Dollars",12192991,0.11
225,Chirpskipping,Health,2013,1107,NE,Omaha,10643314,"5,666,733 Dollars",4976581,0.1
226,Discreetcorrosive,Government Services,2011,197,VA,Sterling,7307498,"5,648,408 Dollars",1659090,0.11
227,Handlersthroated,Retail,2011,167,MA,Boston,13592541,"3,987,941 Dollars",9604600,0.12
228,Boundextrasmall,Health,2010,110,PA,Willow Grove,8838341,"6,521,158 Dollars",2317183,0.04
229,Efferentfinished,Health,2014,30,MD,Rockville,5449870,"2,140,030 Dollars",3309840,0.08
230,Trogleguarantee,IT Services,2008,53,GA,Canton,12882726,"3,769,434 Dollars",9113292,0.21
231,Chloridesfixation,Financial Services,2009,14,OH,Independence,12924846,"2,016,500 Dollars",10908346,0.16
232,Raisinscotta,IT Services,2003,48,SC,Irmo,15393471,"6,652,796 Dollars",8740675,0.22
233,Sandhillrisk,IT Services,2009,51,VA,Sterling,12664063,"2,447,209 Dollars",10216854,0.19
234,Vertextractor,IT Services,2012,41,MD,Hanover,11092909,"8,516,661 Dollars",2576248,0.26
235,Parkourwoodchat,IT Services,2013,110,OH,Cincinnati,12853705,"6,339,352 Dollars",6514353,0.23
236,Ritelepus,Software,2013,818,CA,San Luis Obispo,5662326,"4,932,726 Dollars",729600,0.19
237,Coiledsheriff,Software,2009,67,MA,Boston,2367964,"639,513 Dollars",1728451,0.19
238,Stylishhypothesis,IT Services,2011,73,WA,Bellevue,15705546,"3,170,938 Dollars",12534608,0.17
239,Glaciertolerant,Retail,2013,1,GA,Atlanta,10174843,"4,696,022 Dollars",5478821,0.08
240,Squeezebasement,Health,2010,1442,TX,Fort Worth,6681594,"3,852,682 Dollars",2828912,0.07
241,Sounderfibber,IT Services,2011,372,MN,Minnetonka,14727740,"6,403,759 Dollars",8323981,0.21
242,Lowdirect,Government Services,2011,56,MD,Annapolis,7112290,"4,691,188 Dollars",2421102,0.02
243,Improvelonely,Software,2010,150,DC,Washington,4977212,"462,545 Dollars",4514667,0.19
244,Crashingsubmitted,Government Services,2009,52,VA,Falls Church,8978177,"3,824,137 Dollars",5154040,0.05
245,Peskyevaluate,IT Services,2010,45,VA,Richmond,13011611,"4,284,410 Dollars",8727201,0.23
246,Circinuscategory,IT Services,2013,32,NJ,Cranbury,14920255,"5,274,251 Dollars",9646004,0.28
247,Chestnutanorexia,Government Services,2013,30,VA,Stafford,8333540,"6,025,148 Dollars",2308392,0.05
248,Waterka,Government Services,2005,115,MD,Columbia,6140424,"6,017,012 Dollars",123412,0.04
249,Muttletpocket,IT Services,2012,36,UT,South Jordan,15416309,"7,560,119 Dollars",7856190,0.17
250,Pluggedword,Retail,2009,9,FL,Pembroke Pines,12380676,"3,107,320 Dollars",9273356,0.12
251,Clocksgarrulous,Government Services,2014,29,VA,Falls Church,10278001,"4,618,266 Dollars",5659735,0.04
252,Estermourn,Construction,2010,20,ID,Worley,7740138,"5,303,734 Dollars",2436404,0.12
253,Splashnuts,Construction,2012,272,FL,Apopka,11004547,"3,182,829 Dollars",7821718,0.08
254,Aldabaranbox,Software,2010,15,IN,Anderson,6354077,"5,230,774 Dollars",1123303,0.26
255,Elderlyhair,IT Services,2013,21,FL,Jacksonville,13522265,"6,555,897 Dollars",6966368,0.2
256,Colouredrecipe,IT Services,2010,34,KY,Louisville,13884717,"5,663,096 Dollars",8221621,0.22
257,Easterntwisted,IT Services,2011,30,VA,Reston,13032072,"4,670,258 Dollars",8361814,0.22
258,Bindauthorized,Health,2011,31,FL,Tampa,9444652,"3,211,123 Dollars",6233529,0.06
259,Pointchough,Software,2014,36,MD,Baltimore,5059870,"4,986,520 Dollars",73350,0.17
260,Sootycrushing,Software,2011,41,VA,Reston,11352262,"6,195,130 Dollars",5157132,0.2
261,Cometscasting,Health,2014,134,UT,Salt Lake City,5041969,"3,293,814 Dollars",1748155,0.12
262,Proteincosines,Health,2011,19,NJ,Rutherford,8304318,"6,770,283 Dollars",1534035,0.09
263,Gleanworn,IT Services,2012,9,MI,Sterling Heights,15861214,"9,046,498 Dollars",6814716,0.24
264,Chadhelpful,IT Services,2011,62,MA,Boston,10462149,"3,738,581 Dollars",6723568,0.23
265,Weedycavus,Government Services,2011,150,MD,Rockville,8587453,"6,405,470 Dollars",2181983,0.04
266,Reliablepaver,IT Services,2011,91,CA,North Hollywood,21810051,"3,354,029 Dollars",18456022,0.21
267,Circlechop,Software,2010,14,CA,San Francisco,9067070,"5,929,828 Dollars",3137242,0.2
268,Itemswazzed,IT Services,2004,13,MN,Edina,13893688,"1,417,656 Dollars",12476032,0.22
269,Sparrowchorizo,IT Services,2011,425,CO,Broomfield,13163038,"3,439,228 Dollars",9723810,0.21
270,Pumpkinmothers,Health,2011,101,GA,Atlanta,9837182,"6,500,700 Dollars",3336482,0.08
271,Matcapillary,Software,2011,64,CA,Redwood City,9056895,"5,293,164 Dollars",3763731,0.17
272,Presslute,Construction,2011,37,CA,El Cajon,10618249,"4,669,810 Dollars",5948439,0.15
273,Wealthabounding,Retail,2012,28,SC,Hilton Head Island,7463765,"2,191,140 Dollars",5272625,0.12
274,Cleavagesling,Software,2012,19,OH,Boardman,11902156,"1,267,422 Dollars",10634734,0.18
275,Laboredshocked,IT Services,2008,23,OR,Medford,17010460,"1,876,606 Dollars",15133854,0.2
276,Appaloosasmiling,IT Services,2010,75,NC,Charlotte,15744688,"4,750,543 Dollars",10994145,0.22
277,Clasticmach,Retail,2014,28,CT,Norwalk,12501869,968518,11533351,0.12
278,Expandcostgullible,IT Services,2012,25,VA,Chantilly,14164883,"7,237,383 Dollars",6927500,0.25
279,Hypergalaxypegasus,Construction,2009,103,UT,Centerville,9127759,"2,005,195 Dollars",7122564,0.11
280,Rageenvious,IT Services,2009,25,MD,Savage,12501734,"3,330,829 Dollars",9170905,0.25
281,Rinkmusic,Health,2013,37,NY,Westbury,11533498,"9,331,421 Dollars",2202077,0.05
282,Scoreboardchaos,Retail,2013,43,TX,Austin,10595812,"7,065,343 Dollars",3530469,0.11
283,Picklescrudivore,Health,2010,539,CO,Denver,9295571,"2,563,500 Dollars",6732071,0.06
284,Pausehydrocarbon,Financial Services,2012,239,FL,Maitland,8759409,"765,624 Dollars",7993785,0.19
285,Neodymiumscandalous,IT Services,2011,99,NJ,Edison,13022421,"4,248,247 Dollars",8774174,0.2
286,Februaryvanadium,IT Services,2010,116,MA,Rockland,12775650,"5,531,004 Dollars",7244646,0.25
287,Avogadroethanoate,Health,2010,143,RI,Coventry,10926954,"6,191,046 Dollars",4735908,0.1
288,Assuredcarbon,Financial Services,2010,23,FL,Summerfield,11401138,"4,368,407 Dollars",7032731,0.13
289,Annoyhog,Health,2009,90,FL,Medley,12729198,"7,494,847 Dollars",5234351,0.09
290,Dingalingflee,Retail,2011,44,IL,Tinley Park,12896887,"6,187,326 Dollars",6709561,0.17
291,Equalityshape,Health,2006,27,CO,Denver,6324593,"4,220,455 Dollars",2104138,0.06
292,Kestrelpumpion,Financial Services,2011,1387,CA,Santa Ana,9023857,"4,453,820 Dollars",4570037,0.13
293,Mathassertive,IT Services,2007,102,VA,Chantilly,10804178,"3,549,635 Dollars",7254543,0.23
294,Wightmuon,Retail,2013,13,TX,San Antonio,8773124,"7,957,743 Dollars",815381,0.12
295,Optimismexterior,Construction,2009,28,IL,Bellwood,8427020,"4,316,632 Dollars",4110388,0.09
296,Shovelerablaze,Construction,1999,150,IL,Downers Grove,6014864,"3,570,801 Dollars",2444063,0.07
297,Posseratty,Retail,2014,13,TN,Memphis,11361118,"1,450,080 Dollars",9911038,0.11
298,Freezehouses,IT Services,2011,175,SC,Mount Pleasant,13062368,"4,786,821 Dollars",8275547,0.18
299,Damedash,Construction,2012,48,CA,San Diego,5215835,"3,877,333 Dollars",1338502,0.11
300,Weepingwhisky,Financial Services,2012,28,MO,St. Louis,11779555,"2,950,689 Dollars",8828866,0.16
301,Gianttempting,IT Services,2001,6,GA,Woodstock,12713148,"6,486,427 Dollars",6226721,0.2
302,Frillyshaving,IT Services,2010,100,VA,Reston,13860540,"2,442,826 Dollars",11417714,0.22
303,Clawasked,IT Services,2012,270,NJ,Iselin,15883703,"5,267,075 Dollars",10616628,0.2
304,Crystringed,Retail,2014,90,MN,Burnsville,12245078,"3,649,280 Dollars",8595798,0.16
305,Exactmunch,Software,2009,26,TX,Austin,3723332,"1,956,849 Dollars",1766483,0.16
306,Fatcoffle,Construction,2011,28,OR,Portland,9274105,"4,829,430 Dollars",4444675,0.12
307,Decoratorsdecipher,Construction,2011,5,VA,Ashburn,8982358,"3,820,511 Dollars",5161847,0.08
308,Semipermeability,Financial Services,2009,126,TN,Nashville,10928801,"552,468 Dollars",10376333,0.17
309,Unconsoling,Software,2012,457,MN,Minneapolis,10561482,"1,735,277 Dollars",8826205,0.14
310,Lipped,IT Services,2009,137,VA,Chantilly,13275051,"2,682,894 Dollars",10592157,0.19
311,Sweater,Health,2014,403,OH,Westlake,9127416,"5,014,081 Dollars",4113335,0.05
312,Interpaving,Health,2009,837,TX,Lewisville,11765508,"5,344,672 Dollars",6420836,0.04
313,Beetleheaded,IT Services,2010,130,TX,Irving,13109837,"4,971,120 Dollars",8138717,0.19
314,Fraternal,Health,2012,65,NE,Omaha,8811825,"6,665,587 Dollars",2146238,0.08
315,Falbala,Retail,2012,73,CT,Norwalk,15880376,"6,266,037 Dollars",9614339,0.13
316,Pomiculturist,Retail,2010,5,CO,Littleton,8040353,"7,221,104 Dollars",819249,0.12
317,Nomarchy,Construction,2010,24,NC,Charlotte,14102177,"1,485,995 Dollars",12616182,0.09
318,Turboprop,Retail,2010,42,MI,Rochester Hills,12665972,"3,533,350 Dollars",9132622,0.09
319,Parhelion,IT Services,2012,23,VA,Sterling,13157679,"7,451,573 Dollars",5706106,0.15
320,Protractile,IT Services,1999,18,CO,Arvada,13398615,"3,834,886 Dollars",9563729,0.2
321,Precincts,IT Services,2012,205,IL,Schaumburg,12000187,"1,394,333 Dollars",10605854,0.22
322,Hookiest,IT Services,2005,40,CA,Bakersfield,9691133,"5,204,053 Dollars",4487080,0.23
323,Anarchical,Health,2014,67,GA,Roswell,8818759,"6,385,105 Dollars",2433654,0.07
324,Amphithalamus,IT Services,2009,16,FL,Boca Raton,14354655,"3,922,559 Dollars",10432096,0.22
325,Monotrichous,Software,2011,12,NY,New York,6203337,"3,660,171 Dollars",2543166,0.22
326,Overstridden,IT Services,2011,55,NJ,Trenton,14121713,"1,422,672 Dollars",12699041,0.29
327,Cyaneous,Construction,2012,58,IL,Oakbrook Terrace,7914722,"7,818,649 Dollars",96073,0.05
328,Implorer,Financial Services,2009,70,IL,Lombard,11321475,"5,633,955 Dollars",5687520,0.17
329,Unexotically,IT Services,2010,146,GA,Atlanta,13669802,"4,919,209 Dollars",8750593,0.25
330,Badgeless,Software,2011,17,CA,Corona,9297395,"4,083,752 Dollars",5213643,0.16
331,Aspic,Retail,2001,130,NY,New York,10498414,"4,645,617 Dollars",5852797,0.17
332,Westminster,Financial Services,2010,79,MI,Troy,11861652,"5,245,126 Dollars",6616526,0.15
333,Suicided,Health,2014,29,NC,Hendersonville,7145863,"6,519,467 Dollars",626396,0.03
334,Tocantins,Financial Services,2009,290,VA,Tysons Corner,14330107,"2,296,074 Dollars",12034033,0.15
335,Exilarch,Financial Services,2011,47,FL,Naples,8957904,"2,161,452 Dollars",6796452,0.19
336,Refertilization,Construction,2013,13,TX,San Antonio,10064297,"4,498,839 Dollars",5565458,0.07
337,Asynchronous,Health,2013,22,NY,New York,8720504,"2,632,756 Dollars",6087748,0.01
338,Swedenborgism,IT Services,2005,64,MD,Columbia,15379242,"5,949,929 Dollars",9429313,0.18
339,Outspruing,IT Services,2012,80,IL,Chicago,16909917,"5,468,575 Dollars",11441342,0.21
340,Unforegone,Financial Services,2009,37,TX,Austin,11732370,"3,236,511 Dollars",8495859,0.17
341,Getable,Software,2013,168,TX,Austin,8043049,"5,763,238 Dollars",2279811,0.2
342,Turbidimetry,Software,2010,195,CA,Los Angeles,10067223,"8,007,771 Dollars",2059452,0.21
343,Federalistic,Health,2007,225,CA,San Bernardino,8108370,"6,471,604 Dollars",1636766,0.06
344,Williamsport,IT Services,2013,34,GA,Norcross,14366416,"3,084,697 Dollars",11281719,0.22
345,Unrebuilt,Software,2007,35,OR,Lake Oswego,4422083,"2,666,040 Dollars",1756043,0.16
346,Outbraving,Health,2011,135,TX,Austin,9116942,"5,747,352 Dollars",3369590,0.07
347,Miscutting,Government Services,2002,73,CA,Oxnard,10115274,"6,731,632 Dollars",3383642,0.05
348,Unsurmountable,Software,2014,106,CA,Irvine,8215508,"4,262,906 Dollars",3952602,0.16
349,Knock,Health,2009,25,CA,Hawthorne,8157191,"6,602,535 Dollars",1554656,0.05
350,Superepoch,Health,2011,85,CO,Denver,10253911,"9,592,417 Dollars",661494,0.06
351,Golliwogg,IT Services,2009,41,TX,Houston,9944083,"3,254,899 Dollars",6689184,0.2
352,Indicated,Health,2011,222,MD,Bethesda,9214598,"7,744,504 Dollars",1470094,0.1
353,Unemancipated,IT Services,2011,240,TX,San Antonio,15292359,"4,415,566 Dollars",10876793,0.21
354,Tantalous,Financial Services,2011,50,NY,Woodstock,9950947,"441,750 Dollars",9509197,0.13
355,Comatulid,Health,2012,78,AZ,Tucson,9144082,"3,110,199 Dollars",6033883,0.03
356,Auctiongoogle,IT Services,2011,80,MD,Greenbelt,15299827,"187,655 Dollars",15112172,0.18
357,Fowlappraiser,Retail,2009,30,AZ,Chandler,10186376,"4,638,213 Dollars",5548163,0.13
358,Fixnummodus,Health,2009,100,CA,Carlsbad,9015238,"5,042,568 Dollars",3972670,0.09
359,Dullbocce,Government Services,2010,25,VA,Reston,11210858,"5,323,160 Dollars",5887698,0.06
360,Remembergabbro,Construction,2012,45,UT,Lindon,10878578,"4,515,112 Dollars",6363466,0.12
361,Mincemeatcontroller,Software,2010,58,TX,Houston,10188123,"1,955,490 Dollars",8232633,0.19
362,Interfaceaboard,IT Services,2013,62,VA,Herndon,11801629,"2,239,823 Dollars",9561806,0.28
363,Fluetruffles,IT Services,2001,81,MN,Minneapolis,15848453,"5,506,036 Dollars",10342417,0.15
364,Scarletcheeses,Financial Services,2010,25,UT,Lehi,9376103,"2,446,639 Dollars",6929464,0.15
365,Grapegraves,IT Services,2005,21,DC,Washington,16337321,"6,350,096 Dollars",9987225,0.22
366,Causedunsure,Software,2012,43,OH,Columbus,7047541,"4,402,984 Dollars",2644557,0.16
367,Launchingillusion,Financial Services,2011,48,TX,Houston,9205547,"2,861,975 Dollars",6343572,0.18
368,Radonspoonbill,Government Services,2011,39,CO,Highlands Ranch,7989604,"2,486,140 Dollars",5503464,0.06
369,Puncturecorona,IT Services,2012,14,FL,Fort Lauderdale,15108405,"2,813,781 Dollars",12294624,0.29
370,Haulbittern,IT Services,2010,138,NY,New York,15104143,"4,177,864 Dollars",10926279,0.24
371,Smartpans,IT Services,2009,231,GA,Alpharetta,18569437,"6,803,826 Dollars",11765611,0.18
372,Lisppanel,IT Services,2014,17,AZ,Scottsdale,13827387,"2,975,434 Dollars",10851953,0.22
373,Dillimported,Health,2002,30,TX,Humble,9724730,"9,712,296 Dollars",12434,0.03
374,Bookingchildish,Retail,2009,10,NY,Whitestone,9840239,"3,348,650 Dollars",6491589,0.17
375,Supportersfaint,Financial Services,2011,3,NY,Brooklyn,12146902,"1,207,273 Dollars",10939629,0.14
376,Potiondecathlon,IT Services,2011,61,TN,Nashville,12247815,"4,859,318 Dollars",7388497,0.2
377,Perfumegrown,Financial Services,2011,33,NV,Las Vegas,9016449,"640,031 Dollars",8376418,0.14
378,Prunewatchful,Health,2011,329,SC,Mauldin,8369263,3880428,4488835,0.05
379,Stovepuck,Retail,2013,73,NY,New York,13814975,"5,904,502 Dollars",7910473,0.1
380,Pickyfive,IT Services,2011,45,CO,Denver,14826723,"4,458,447 Dollars",10368276,0.26
381,Rattlemurrelet,Health,2013,12,GA,Woodstock,7496334,"6,186,394 Dollars",1309940,0.08
382,Scalptowhee,Retail,2011,100,MI,Commerce Township,7503230,"1,830,110 Dollars",5673120,0.12
383,Flexthirsty,Health,2011,9,CA,Huntington Beach,6981026,"5,767,852 Dollars",1213174,0.03
384,Befriendogle,Government Services,2009,52,MD,Bethesda,13003637,"2,758,425 Dollars",10245212,0.06
385,Stupidarboreal,IT Services,2002,36,PA,Philadelphia,16435362,"5,130,874 Dollars",11304488,0.2
386,Bignumadept,IT Services,2012,55,GA,Suwanee,12861101,"4,068,630 Dollars",8792471,0.2
387,Shapelessunits,Financial Services,2013,663,TN,Memphis,9686484,"3,238,627 Dollars",6447857,0.22
388,Samsungclimbing,IT Services,2010,42,PA,Allentown,15239915,"5,575,608 Dollars",9664307,0.22
389,Kickminstrel,IT Services,2006,125,VA,Reston,14479116,"3,100,573 Dollars",11378543,0.16
390,Cherriesplump,Financial Services,2011,605,TN,Nashville,11503959,"1,757,807 Dollars",9746152,0.17
391,Solsticeaudio,Health,2011,360,AZ,Phoenix,10544309,"6,248,732 Dollars",4295577,0.05
392,Ascendermogul,Health,2014,50,IA,West Des Moines,11490135,"6,083,093 Dollars",5407042,0.07
393,Cribcaused,Financial Services,2004,201,GA,Marietta,9020223,"3,683,236 Dollars",5336987,0.15
394,Tryfanscaly,Government Services,2010,28,VA,Alexandria,8456970,"7,736,439 Dollars",720531,0.04
395,Cajoleavoidant,IT Services,2003,17,TN,Nashville,15771339,"1,185,898 Dollars",14585441,0.2
396,Cogstrip,IT Services,2012,30,MN,Minneapolis,14705673,"6,667,372 Dollars",8038301,0.25
397,Announcesbuck,Health,2013,370,FL,Deerfield Beach,6146640,"4,390,260 Dollars",1756380,0.07
398,Ericssonsafe,IT Services,2011,9,KY,Erlanger,9844389,"6,503,652 Dollars",3340737,0.19
399,Ahemparticular,Retail,2010,22,MN,Roseville,14367661,"4,908,512 Dollars",9459149,0.13
400,Oraclemend,IT Services,2012,250,TX,Houston,16043821,"8,701,267 Dollars",7342554,0.21
401,Loosepause,Financial Services,2006,85,FL,Sunrise,12008935,"3,285,445 Dollars",8723490,0.19
402,Dragonnode,IT Services,2013,144,VA,Falls Church,14649797,"5,757,388 Dollars",8892409,0.22
403,Australisbetter,Health,2010,1600,CA,El Segundo,11078804,"5,006,435 Dollars",6072369,0.12
404,Profilecliche,Construction,2000,125,NY,Melville,9398668,"3,333,103 Dollars",6065565,0.09
405,Indonesianheliopause,Health,2013,120,GA,atlanta,8703595,"8,649,914 Dollars",53681,0.12
406,Soulfulantigravity,Retail,2012,60,CA,Ontario,12954009,"4,886,200 Dollars",8067809,0.12
407,Toolsavagery,Retail,2007,10,FL,Tampa,10942107,"4,491,305 Dollars",6450802,0.16
408,Magmarejoice,Health,2012,60,ME,Portland,5894152,"3,401,348 Dollars",2492804,0.04
409,Bloodhoundthin,Government Services,2000,120,MD,Greenbelt,13712279,"3,837,399 Dollars",9874880,0.04
410,Waggerhooves,IT Services,2009,39,FL,Tampa,13222254,"4,879,893 Dollars",8342361,0.23
411,Miaowgrinder,Construction,2000,176,NY,Niagara Falls,7697469,"5,036,679 Dollars",2660790,0.05
412,Fablescraper,IT Services,2009,12,MI,Kentwood,14515666,"5,424,688 Dollars",9090978,0.26
413,Lardassare,Financial Services,2012,88,IL,Bridgeview,10758326,"270,620 Dollars",10487706,0.15
414,Footshy,Government Services,2012,1224,OH,Columbus,5275078,"1,944,661 Dollars",3330417,0.07
415,Bonfirefailing,IT Services,2011,44,NY,Latham,17399630,"3,396,476 Dollars",14003154,0.25
416,Openstrustee,Financial Services,2011,25,TX,Carrollton,13666249,"5,344,982 Dollars",8321267,0.17
417,Launchbiggest,IT Services,2014,29,MO,St. Louis,14169187,"3,850,631 Dollars",10318556,0.2
418,Blueshiftcrispy,Health,2009,230,TX,Dallas,9642189,"8,823,455 Dollars",818734,0.06
419,Twistedelephant,IT Services,2011,150,NY,New York,16917213,"2,814,394 Dollars",14102819,0.16
420,Whinchatdates,Health,2012,39,PA,Shillington,7475092,"3,097,499 Dollars",4377593,0.14
421,Annoyinglyarabian,IT Services,2012,28,TX,Plano,14898505,"1,665,920 Dollars",13232585,0.17
422,Ursastudying,Government Services,2009,661,OK,Oklahoma City,4637647,"1,415,664 Dollars",3221983,0.07
423,Hostileglove,Retail,2012,19,GA,Kennesaw,10736305,"4,299,102 Dollars",6437203,0.09
424,Ikeamongolian,Health,2012,133,OH,Cleveland,7165221,"6,505,105 Dollars",660116,0.06
425,Handgunheard,Retail,2011,67,ND,Jamestown,9223463,"3,608,917 Dollars",5614546,0.09
426,Trapexperts,Financial Services,2011,330,PA,Allentown,8788469,"1,214,119 Dollars",7574350,0.1
427,Currymercurial,IT Services,2010,10,FL,Tampa,16221821,"3,573,280 Dollars",12648541,0.23
428,Totallyzonked,IT Services,2013,53,CA,Santa Clara,12506219,"6,688,379 Dollars",5817840,0.2
429,Practisemax,Government Services,2001,441,VA,Herndon,9426357,"5,157,735 Dollars",4268622,0.01
430,Slicerseptum,IT Services,2014,169,IL,Chicago,14775286,"4,510,084 Dollars",10265202,0.26
431,Librationmelba,IT Services,2010,20,WI,Madison,14053058,"5,883,008 Dollars",8170050,0.2
432,Placehospitable,Retail,2012,23,ID,Coeur d Alene,14576493,"1,925,321 Dollars",12651172,0.19
433,Arabianagena,Retail,2013,195,MN,Minneapolis,13941632,"4,887,652 Dollars",9053980,0.1
434,Admitruppell,Retail,2010,47,UT,Lehi,110375526,"1,511,586",108863940,0.12
435,Lucrepickled,IT Services,2004,45,VA,Glen Allen,12894933,"3,512,395 Dollars",9382538,0.17
436,Marchedsausage,IT Services,2010,50,CO,Denver,14620121,"3,370,435 Dollars",11249686,0.19
437,Glandminer,IT Services,2011,55,CA,Santa Clara,13065626,"2,501,327 Dollars",10564299,0.23
438,Tausnash,Construction,2009,95,FL,Sarasota,6554612,"4,727,267 Dollars",1827345,0.09
439,Enterwaist,IT Services,2010,126,WA,Bellevue,11858282,"5,159,202 Dollars",6699080,0.19
440,Crunchabout,Government Services,2010,100,FL,Orlando,5577373,"3,895,975 Dollars",1681398,0.02
441,Grippingstirring,Construction,2012,120,TX,Mansfield,4419277,"2,890,906 Dollars",1528371,0.11
442,Scullianpinwheel,Government Services,2011,760,MD,Bethesda,15188113,"4,623,069 Dollars",10565044,0.03
443,Measuresflipping,Financial Services,2009,430,TX,Fort Worth,11730457,"5,832,473 Dollars",5897984,0.19
444,Ridglingshod,Health,2011,23,CA,San Diego,8293498,"8,165,133 Dollars",128365,0.09
445,Linkedallianz,Health,2011,332,OH,Columbus,6300572,"5,606,412 Dollars",694160,0.05
446,Sculptorjelly,Health,2006,20,NC,Durham,10875181,"5,868,631 Dollars",5006550,0.06
447,Surroundoutrageous,IT Services,2012,150,PA,North Wales,16580398,"2,324,622 Dollars",14255776,0.23
448,Testingear,Construction,2012,10,TN,Nashville,10651148,"4,539,151 Dollars",6111997,0.08
449,Riddledinfant,IT Services,2010,50,NJ,South Plainfield,13368302,"4,054,153 Dollars",9314149,0.22
450,Detritaldartford,Health,2012,50,MA,Cambridge,8873078,"8,319,833 Dollars",553245,0.07
451,Appliesoverrated,IT Services,2013,15,FL,Boca Raton,17506421,"3,726,979 Dollars",13779442,0.2
452,Bumhercules,Government Services,2010,55,MD,Rockville,6426676,"5,910,968 Dollars",515708,0.07
453,Flaskssunny,Construction,2012,175,IL,Rolling Meadows,8589862,"214,470 Dollars",8375392,0.07
454,Glazetwang,IT Services,2014,50,TX,Haltom City,14864586,"1,188,169 Dollars",13676417,0.17
455,Blendplacid,Government Services,2014,326,AL,Huntsville,10581245,"4,680,006 Dollars",5901239,0.07
456,Infectedduck,IT Services,2000,278,IL,Springfield,15417062,"4,118,312 Dollars",11298750,0.2
457,Allowuntidy,Financial Services,2014,640,FL,Weston,6528393,"509,161 Dollars",6019232,0.13
458,Moleculecircle,Retail,2013,16,FL,Tampa,13094661,"1,026,548 Dollars",12068113,0.11
459,Portlyroomy,Financial Services,2010,40,MO,St. Louis,9707035,"2,887,547 Dollars",6819488,0.16
460,Rustyentertain,Construction,2012,23,TX,Carrollton,9646815,"1,680,823 Dollars",7965992,0.12
461,Novelfollicle,Financial Services,2009,79,OK,Tulsa,11028550,"2,379,097 Dollars",8649453,1.3
462,Yawningcricket,Financial Services,2012,21,NC,Davidson,14247618,"3,133,190 Dollars",11114428,0.2
463,Friendlego,Construction,2012,38,NJ,Westfield,9176783,"4,279,255 Dollars",4897528,0.08
464,Lambdafortunate,Health,2010,59,NC,Durham,8475310,"7,259,295 Dollars",1216015,0.08
465,Dashedcompounds,IT Services,2014,59,CA,San Ramon,12791846,"7,879,018 Dollars",4912828,0.23
466,Hayloftmizuna,Health,2013,117,CT,Brookfield,15312302,"6,137,907 Dollars",9174395,0.06
467,Thalliumwould,IT Services,2014,278,NY,Clifton Park,10708327,"8,866,642 Dollars",1841685,0.21
468,Regexsay,Financial Services,2004,58,CA,San Diego,9642133,"2,995,467 Dollars",6646666,0.15
469,Hoeforeach,IT Services,2010,25,WI,Wauwatosa,13000248,"1,629,029 Dollars",11371219,0.23
470,Dessertsanchovy,Government Services,2012,124,CA,San Diego,11059461,"4,744,277 Dollars",6315184,0.01
471,Reveredtogether,Health,2012,106,WA,Seattle,10614892,"6,960,210 Dollars",3654682,0.04
472,Langedprivacy,Financial Services,2001,425,TX,Austin,13398400,"2,562,048 Dollars",10836352,0.14
473,Rosychoke,IT Services,2011,348,IN,Indianapolis,14153970,"3,408,135 Dollars",10745835,0.26
474,Valuesbilled,IT Services,2013,95,NY,New York,13214550,"7,479,813 Dollars",5734737,0.2
475,Stayspheroid,Government Services,2011,80,VA,Reston,8174923,"2,093,254 Dollars",6081669,0.08
476,Barmpotfishified,Health,2013,168,IA,Coralville,10213365,"7,045,210 Dollars",3168155,0.08
477,Soddenfurther,Financial Services,2010,20,CA,San Diego,9243036,"2,517,857 Dollars",6725179,0.19
478,Drudgelepe,Health,2009,22,ID,Moscow,8786459,"6,375,919 Dollars",2410540,0.03
479,Heinzvolary,Health,2014,29,CA,Carlsbad,8725745,"3,477,540 Dollars",5248205,0.11
480,Excellencerecent,Health,2010,381,TX,Farmers Branch,10611567,"7,617,420 Dollars",2994147,0.05
481,Condemnedgenuine,Government Services,2013,28,MD,Silver Spring,8998948,"4,222,422 Dollars",4776526,0.06
482,Fatsohealth,IT Services,2009,21,SC,Florence,12239406,"5,665,024 Dollars",6574382,0.21
483,Abusivebong,Construction,2009,8,WI,Oshkosh,8543321,"3,841,435 Dollars",4701886,0.07
484,Baileycrowd,Health,2014,800,OH,Twinsburg,9366573,"3,619,483 Dollars",5747090,0.06
485,Foxwml,Health,2011,48,PA,Plymouth Meeting,10072452,"8,335,458 Dollars",1736994,0.06
486,Serpentineappeals,Financial Services,2013,48,NV,henderson,11673934,"1,460,147 Dollars",10213787,0.23
487,Genusequ,Construction,2007,45,NC,Greensboro,8498464,"5,741,773 Dollars",2756691,0.11
488,Fearwhimbrel,Government Services,2013,100,VA,Falls Church,10637944,"7,238,539 Dollars",3399405,0.04
489,Dwindlecertain,Government Services,2008,566,MD,Germantown,14146990,"8,289,795 Dollars",5857195,0.04
490,Suckedregister,Retail,2010,100,TX,Houston,11511235,"3,995,152 Dollars",7516083,0.1
491,Comparejson,Construction,2013,125,IL,Glendale Heights,12359532,"6,527,308 Dollars",5832224,0.11
492,Pickledcanoeing,Retail,2012,16,OH,Medina,11654196,"6,460,234 Dollars",5193962,0.1
493,Assurehelp,IT Services,2014,10,MN,Minneapolis,15019551,"4,004,040 Dollars",11015511,0.18
494,Shrimpssecurity,Government Services,2009,104,DC,Washington,7919278,"5,355,504 Dollars",2563774,0.05
495,Rawfishcomplete,Financial Services,2012,124,CA,Los Angeles,10624949,"2,951,178 Dollars",7673771,0.22
496,Buretteadmirable,IT Services,2009,93,ME,Portland,15407450,"2,833,136 Dollars",12574314,0.25
497,Inventtremendous,Construction,2009,24,MN,Woodbury,9144857,"4,755,995 Dollars",4388862,0.11
498,Overviewparrot,Retail,2011,7125,TX,Fort Worth,11134728,"5,152,110 Dollars",5982618,0.12
499,Belaguerra,IT Services,2010,140,MI,Troy,17387130,"1,387,784 Dollars",15999346,0.23
500,Allpossible,IT Services,2011,24,CA,Los Angeles,11949706,"689,161 Dollars",11260545,0.24
